Datetime,Water Level (m)
2026-06-26 06:00:00,-5.101
2026-06-26 07:00:00,-5.101
2026-06-26 08:00:00,-5.101
2026-06-26 09:00:00,-5.101
2026-06-26 10:00:00,-5.101
2026-06-26 11:00:00,-5.101
2026-06-26 12:00:00,-5.101
2026-06-26 13:00:00,0.13911602
2026-06-26 14:00:00,0.13480729
2026-06-26 15:00:00,0.14888772
2026-06-26 16:00:00,0.16461088
2026-06-26 17:00:00,0.18190321
2026-06-26 18:00:00,0.18692473
2026-06-26 19:00:00,0.19487968
2026-06-26 20:00:00,0.21144405
2026-06-26 21:00:00,0.22438541
2026-06-26 22:00:00,0.24024373
2026-06-26 23:00:00,0.2579498
2026-06-27 00:00:00,0.27258748
2026-06-27 01:00:00,0.29114467
2026-06-27 02:00:00,0.31057292
2026-06-27 03:00:00,0.33934876
2026-06-27 04:00:00,0.37871456
2026-06-27 05:00:00,0.41401738
2026-06-27 06:00:00,0.44595957
2026-06-27 07:00:00,0.47517914
2026-06-27 08:00:00,0.50266296
2026-06-27 09:00:00,0.5286184
2026-06-27 10:00:00,0.5547726
2026-06-27 11:00:00,0.58161724
2026-06-27 12:00:00,0.60720026
2026-06-27 13:00:00,0.6320577
2026-06-27 14:00:00,0.65751773
2026-06-27 15:00:00,0.68370277
2026-06-27 16:00:00,0.7098382
2026-06-27 17:00:00,0.73549664
2026-06-27 18:00:00,0.76018184
2026-06-27 19:00:00,0.78455186
2026-06-27 20:00:00,0.80879354
2026-06-27 21:00:00,0.83278126
2026-06-27 22:00:00,0.85344195
2026-06-27 23:00:00,0.8740388
2026-06-28 00:00:00,0.8954593
2026-06-28 01:00:00,0.9182017
2026-06-28 02:00:00,0.94081
2026-06-28 03:00:00,0.9629787
2026-06-28 04:00:00,0.9855309
2026-06-28 05:00:00,1.0086867
2026-06-28 06:00:00,1.0304023
2026-06-28 07:00:00,1.0501218
2026-06-28 08:00:00,1.0679957
2026-06-28 09:00:00,1.0874392
2026-06-28 10:00:00,1.1072323
2026-06-28 11:00:00,1.1267912
2026-06-28 12:00:00,1.1457233
2026-06-28 13:00:00,1.1651294
2026-06-28 14:00:00,1.1851966
2026-06-28 15:00:00,1.2033347
2026-06-28 16:00:00,1.2202122
2026-06-28 17:00:00,1.236183
2026-06-28 18:00:00,1.2541467
2026-06-28 19:00:00,1.270568
2026-06-28 20:00:00,1.2865708
2026-06-28 21:00:00,1.3017982
2026-06-28 22:00:00,1.3176575
2026-06-28 23:00:00,1.333988
2026-06-29 00:00:00,1.3503782
2026-06-29 01:00:00,1.367502
2026-06-29 02:00:00,1.386824
2026-06-29 03:00:00,1.4033798
2026-06-29 04:00:00,1.4194295
2026-06-29 05:00:00,1.4348556
2026-06-29 06:00:00,1.4495889
2026-06-29 07:00:00,1.4638282
2026-06-29 08:00:00,1.4781637
2026-06-29 09:00:00,1.4921427
2026-06-29 10:00:00,1.5050582
2026-06-29 11:00:00,1.5175185
2026-06-29 12:00:00,1.527705
2026-06-29 13:00:00,1.5398865
2026-06-29 14:00:00,1.5518742
2026-06-29 15:00:00,1.5619739
2026-06-29 16:00:00,1.5749463
2026-06-29 17:00:00,1.587057
2026-06-29 18:00:00,1.608675
2026-06-29 19:00:00,1.6134086
2026-06-29 20:00:00,1.6265483
2026-06-29 21:00:00,1.6404142
2026-06-29 22:00:00,1.6540649
2026-06-29 23:00:00,1.6669812
2026-06-30 00:00:00,1.6786736
2026-06-30 01:00:00,1.6902711
2026-06-30 02:00:00,1.7019856
2026-06-30 03:00:00,1.7133279
2026-06-30 04:00:00,1.7244439
2026-06-30 05:00:00,1.7353499
2026-06-30 06:00:00,1.7458873
2026-06-30 07:00:00,1.7564497
2026-06-30 08:00:00,1.7672356
2026-06-30 09:00:00,1.7777178
2026-06-30 10:00:00,1.7879378
2026-06-30 11:00:00,1.798022
2026-06-30 12:00:00,1.8070998
2026-06-30 13:00:00,1.8145393
2026-06-30 14:00:00,1.8221014
2026-06-30 15:00:00,1.8306763
2026-06-30 16:00:00,1.8395379
2026-06-30 17:00:00,1.8489025
2026-06-30 18:00:00,1.8570788
2026-06-30 19:00:00,1.8644222
2026-06-30 20:00:00,1.8716141
2026-06-30 21:00:00,1.8787744
2026-06-30 22:00:00,1.886095
2026-06-30 23:00:00,1.8930497
2026-07-01 00:00:00,1.8997713
2026-07-01 01:00:00,1.9067851
2026-07-01 02:00:00,1.9134759
2026-07-01 03:00:00,1.9200078
2026-07-01 04:00:00,1.9265152
2026-07-01 05:00:00,1.932628
2026-07-01 06:00:00,1.9384812
2026-07-01 07:00:00,1.9448731
2026-07-01 08:00:00,1.9514126
2026-07-01 09:00:00,1.9572874
2026-07-01 10:00:00,1.9629277
2026-07-01 11:00:00,1.9683008
2026-07-01 12:00:00,1.9735762
2026-07-01 13:00:00,1.9790064
2026-07-01 14:00:00,1.984286
2026-07-01 15:00:00,1.990059
2026-07-01 16:00:00,1.9963783
2026-07-01 17:00:00,2.0032344
2026-07-01 18:00:00,2.0105703
2026-07-01 19:00:00,2.018621
2026-07-01 20:00:00,2.027042
2026-07-01 21:00:00,2.0360088
2026-07-01 22:00:00,2.0456188
2026-07-01 23:00:00,2.0554118
2026-07-02 00:00:00,2.0650625
2026-07-02 01:00:00,2.0753198
2026-07-02 02:00:00,2.0857983
2026-07-02 03:00:00,2.09585
2026-07-02 04:00:00,2.1056607
2026-07-02 05:00:00,2.1153116
2026-07-02 06:00:00,2.1225348
